/*CREACIÓN DE LOS DÍAS*/
INSERT INTO Dia (dia) VALUES
('LUNES'),
('MARTES'),
('MIÉRCOLES'),
('JUEVES'),
('VIERNES'),
('SÁBADO');



/* CREACIÓN DE LA CARRERA */

INSERT INTO Carrera (claveCarrera, nombre) VALUES
(001, 'CIENCIAS DE LA COMPUTACIÓN');



/* CREACIÓN DE LA MATERIAS PARA LA CARRERA DE CIENCIAS DE LA COMPUTACIÓN*/

INSERT INTO Materia (claveMateria, nombre, creditos, semestre, claveCarrera) VALUES
(001, 'MATEMÁTICAS I', 1, 1, 1),
(002, 'FUNDAMENTOS DE ELECTROMAGNETISMO', 1, 1, 1),
(003, 'FUNDAMENTOS DE ALGORITMOS', 1, 1, 1),
(004, 'ARQUITECTURA DE COMPUTADORAS', 1, 1, 1),
(005, 'PROGRAMACIÓN ESTRUCTURADA', 1, 1, 1),
(006, 'MATEMÁTICAS II', 1, 2, 1),
(007, 'SISTEMAS ELECTRÓNICOS', 1, 2, 1),
(008, 'FUNDAMENTOS DE REDES', 1, 2, 1),
(009, 'BASE DE DATOS', 1, 2, 1),
(010, 'PROGRAMACIÓN ORIENTADA A OBJETOS', 1, 2, 1),
(011, 'FUNDAMENTOS DE ESTADÁSTICA', 1, 2, 1),
(012, 'MATEMÁTICAS DISCRETAS', 1, 3, 1),
(013, 'CIRCUITOS DIGITALES', 1, 3, 1),
(014, 'ESTRUCTURA DE DATOS', 1, 3, 1),
(015, 'ANÁLISIS DE SISTEMAS', 1, 3, 1),
(016, 'TEORÍA DE AUTÁMATAS', 1, 3, 1),
(017, 'ANÁLISIS NUMÉRICO', 1, 3, 1),
(018, 'ADMINISTRACIÓN DE PROYECTOS', 1, 4, 1),
(019, 'SISTEMAS OPERATIVOS', 1, 4, 1),
(020, 'ADMINSTRACIÓN DE REDES', 1, 4, 1),
(021, 'MODELOS ESTADÍSTICOS', 1, 4, 1),
(022, 'SISTEMAS EMBEBIDOS', 1, 4, 1),
(023, 'MINERÍA DE DATOS', 1, 4, 1),
(024, 'SISTEMAS DISTRIBUIDOS', 1, 5, 1),
(025, 'INTELIGENCIA ARTIFICIAL', 1, 5, 1),
(026, 'BIG DATA', 1, 5, 1),
(027, 'REDES NEURONALES', 1, 5, 1),
(028, 'SERVICIO SOCIAL', 1, 5, 1);



/*MATERIAS SERIADAS*/
 INSERT INTO Materia_Seriada (claveMateria, claveMateriaSeriada) VALUES
 (1,6),
 (2,7),
 (5,10),
 (7,13),
 (8,20),
 (11,21),
 (13,22),
 (20,24),
 (21,26),
 (23,26);


/* CREACIÓN DE ALUMNOS (EJEMPLO)*/


INSERT INTO Inscripcion (claveInscripcion, fechaInscripcion) VALUES
(1, '2018-05-14 19:00:00'),
(2, '2018-05-14 20:30:00');


INSERT INTO Usuario (carnetUsuario, sexo, telefono, contrasenia, nombre, apellidoPaterno, apellidoMaterno, tipoUsuario) VALUES
(001, 'H', 5512345678, 'a', 'FRANCISCO', 'GUITIERREZ', 'QUINZA', 1),
(002, 'H', 7772345678, 'a', 'JOSÉ', 'MARTINEZ', 'DIAZ', 1),
(003, 'M', 7572345678, 'a', 'ANGÉLICA', 'LOPEZ', 'GARZA', 1),
(004, 'M', 7572345678, 'a', 'BRENDA', 'PUGA', 'AGUIRRE', 1);


INSERT INTO Alumno (carnetAlumno, estatus, claveCarrera, claveInscripcion) VALUES
(1, 'REINGRESO',1,1),
(2, 'REINGRESO',1,1),
(3, 'REINGRESO',1,1),
(4, 'REINGRESO',1,2);


/*CREACIÓN DE EMPLEADOS (EJEMPLO)*/

INSERT INTO Usuario (carnetUsuario, sexo, telefono, contrasenia, nombre, apellidoPaterno, apellidoMaterno, tipoUsuario) VALUES
(005, 'H', 7752345678, 'a', 'NOE', 'ESPINOZA', 'PÉREZ', 3),
(006, 'M', 7372345678, 'a', 'ARACELY', 'GÓMEZ', 'TRUJILLO', 3);


INSERT INTO Empleado (carnetEmpleado, tipoEmpleado) VALUES
(5, 'Docente'),
(6, 'Administrativo');


/* CREACIÓN DE LOS GRUPOS*/


/*PRIMER SEMESTRE*/


/*GRUPOS*/

INSERT INTO Grupo (claveGrupo, aula, capacidad, contador, periodo, carnetEmpleado, claveMateria) VALUES

(01,104,1,0,'180115',5,1),	/*MATEMÁTICAS I*/

(01,104,1,0,'180115',5,2),	/*FUNDAMENTOS	DE ELECTROMAGNETISMO*/

(01,104,1,0,'180115',5,3),	/*FUNDAMENTOS DE ALGORITMOS*/

(01,102,1,0,'180115',5,4),	/*ARQUITECTURA DE COMPUTADORAS*/

(01,104,1,0,'180115',5,5);	/*PROGRAMACIÓN ESTRUCTURADA*/


INSERT INTO Horario (horaInicio, horaFin, claveGrupo) VALUES

(150000,153000,1),	/*MATEMÁTICAS I*/

(180000,190000,2),	/*FUNDAMENTOS DE ELECTROMAGNETISMO*/

(160000,170000,3),	/*FUNDAMENTOS DE COMPUTADORAS*/

(160000,180000,4),	/*ARQUITECTURA DE COMPUTADORAS*/

(170000,180000,5);	/*PROGRAMACIÓN ESTRUCTURADA*/


INSERT INTO Dia_Horario(IDDIa, IDHorario) VALUES

/*MATEMÁTICAS I*/
(1,1),
(3,1),
(4,1),
(5,1),
/*FUNDAMENTOS DE ELECTROMAGNETISMO*/
(1,2),
(3,2),
(4,2),
(5,2),

/*FUNDAMENTOS DE ALGORITMOS*/
(1,3),
(3,3),
(5,3),

/*ARQUITECTURA DE COMPUTADORAS*/
(2,4),
(4,4),

/*PROGRAMACIÓN ESTRUCTURADA*/
(1,5),
(3,5),
(5,5);



/*SEGUNDO SEMESTRE*/

/*GRUPOS*/

INSERT INTO Grupo (claveGrupo, aula, capacidad, contador, periodo, carnetEmpleado, claveMateria) VALUES

(01,409,1,0,'180116',5,6),
(01,408,1,0,'180116',5,7),
(01,409,1,0,'180116',5,8),
(01,409,1,0,'180116',5,9),
(01,411,1,0,'180116',5,10),
(01,409,1,0,'180116',5,11),
(02,407,1,0,'180116',5,6),
(02,407,1,0,'180116',5,8),
(02,407,1,0,'180116',5,11);


INSERT INTO Horario (horaInicio, horaFin, claveGrupo) VALUES

(170000,173000,6),	/*MATEMÁTICAS II 6*/
(173000,180000,6),	/*MATEMÁTICAS II 7*/

(150000,153000,7),	/*SISTEMAS ELECTRÓNICOS 8*/

(153000,160000,7),	/*SISTEMAS ELECTRÓNICOS 9*/

(160000,163000,7),	/*SISTEMAS ELECTRÓNICOS 10*/

(163000,170000,7),	/*SISTEMAS ELECTRÓNICOS 11*/

(170000,173000,7),	/*SISTEMAS ELECTRÓNICOS 12*/

(173000,180000,7),	/*SISTEMAS ELECTRÓNICOS 13*/

(160000,163000,8),	/*FUNDAMENTOS DE REDES 14*/

(163000,170000,8),	/*FUNDAMENTOS DE REDES 15*/
(140000,143000,9),	/*BASES DE DATOS 16*/

(143000,150000,9),	/*BASES DE DATOS 17*/
(180000,183000,10),	/*PROGRAMACIÓN ORIENTADA A OBJETOS 18*/

(183000,190000,10),	/*PROGRAMACIÓN ORIENTADA A OBJETOS 19*/
(190000,193000,10),	/*PROGRAMACIÓN ORIENTADA A OBJETOS 20*/
(193000,200000,10),	/*PROGRAMACIÓN ORIENTADA A OBJETOS 21*/
(200000,203000,10),	/*PROGRAMACIÓN ORIENTADA A OBJETOS 22*/
(203000,210000,10),	/*PROGRAMACIÓN ORIENTADA A OBJETOS 23*/
(70000,73000,11), /*FUNDAMENTOS DE ESTADÍSTICA 24*/
(73000,80000,11), /*FUNDAMENTOS DE ESTADÍSTICA 25*/
(80000,83000,11), /*FUNDAMENTOS DE ESTADÍSTICA 26*/
(83000,90000,11), /*FUNDAMENTOS DE ESTADÍSTICA 27*/
(90000,93000,11), /*FUNDAMENTOS DE ESTADÍSTICA 28*/
(93000,100000,11), /*FUNDAMENTOS DE ESTADÍSTICA 29*/

(110000,113000,12),	/*MATEMÁTICAS II 30*/

(113000,120000,12),	/*MATEMÁTICAS II 31*/
(70000,73000,13),	/*FUNDAMENTOS DE REDES 32*/
(73000,80000,13),	/*FUNDAMENTOS DE REDES 33*/
(80000,83000,13),	/*FUNDAMENTOS DE REDES 34*/
(83000,90000,13),	/*FUNDAMENTOS DE REDES 35*/
(90000,93000,13),	/*FUNDAMENTOS DE REDES 36*/
(93000,100000,13),	/*FUNDAMENTOS DE REDES 37*/

(150000,153000,14),	/*FUNDAMENTOS DE ESTADÍSTICA 38*/

(153000,160000,14),	/*FUNDAMENTOS DE ESTADÍSTICA 39*/
(160000,163000,14),	/*FUNDAMENTOS DE ESTADÍSTICA 40*/
(163000,170000,14),	/*FUNDAMENTOS DE ESTADÍSTICA 41*/
(170000,173000,14),	/*FUNDAMENTOS DE ESTADÍSTICA 42*/
(173000,180000,14);	/*FUNDAMENTOS DE ESTADÍSTICA 43*/


INSERT INTO Dia_Horario(IDDIa, IDHorario) VALUES

/*MATEMÁTICAS II*/
(1,7),
(1,6),(3,7),(3,6),
(5,7),(5,6),

/*SISTEMAS ELECTRÓNICOS*/
(4,8),(4,9),(4,10),(4,11),(4,12),(4,13),

/*FUNDAMENTOS DE REDES*/
(1,14),
(3,14),
(5,14),
(1,15),
(3,15),
(5,15),
/*BASES DE DATOS*/
(1,16),
(2,16),
(3,16),
(4,16),
(5,16),
(1,17),
(2,17),
(3,17),
(4,17),
(5,17),
/*PROGRAMACIÓN ORIENTADA A OBJETOS*/
(1,18),(1,19),(1,20),(1,21),(1,22),(1,23),

/*FUNDAMENTOS DE ESTADÍSTICA*/
(6,24),(6,25),(6,26),(6,27),
(6,28),
(6,29),


/*MATEMÁTICAS II*/
(1,30),
(3,30),
(5,30),(1,31),
(3,31),
(5,31),

/*FUNDAMENTOS DE REDES*/
(6,32),(6,33),(6,34),(6,35),(6,36),(6,37),

/*FUNDAMENTOS DE ESTADÍSTICA*/
(2,38),(2,39),(2,40),(2,41),(2,42),(2,43);



/*Tercer semestre*/

INSERT INTO Grupo (claveGrupo, aula, capacidad, contador, periodo, carnetEmpleado, claveMateria) VALUES

(01,405,1,0,'180116',5,012),
(01,413,1,0,'180116',5,013),
(01,405,1,0,'180116',5,014),
(01,404,1,0,'180116',5,015),
(01,404,1,0,'180116',5,016),
(01,404,1,0,'180116',5,017),
(02,404,1,0,'180116',5,013),
(02,404,1,0,'180116',5,014),
(02,404,1,0,'180116',5,015),
(02,404,1,0,'180116',5,016);


INSERT INTO Horario (horaInicio, horaFin, claveGrupo) VALUES

(080000,083000,15), /*MATEMÁTICAS DISCRETAS 44*/

(083000,090000,15), /*MATEMÁTICAS DISCRETAS 45*/
(150000,153000,16), /*CIRCUITOS DIGITALES 46*/

(153000,160000,16), /*CIRCUITOS DIGITALES 47*/
(160000,163000,16), /*CIRCUITOS DIGITALES 48*/
(070000,073000,17), /*ESTRUCTURA DE DATOS 49*/

(073000,080000,17), /*ESTRUCTURA DE DATOS 50*/
(090000,093000,18), /*ANÁLISIS DE SISTEMAS 51*/

(093000,100000,18), /*ANÁLISIS DE SISTEMAS 52*/
(083000,090000,19), /*TEORÍA DE AUTÓMATAS 53*/

(090000,093000,19), /*TEORÍA DE AUTÓMATAS 54*/
(093000,100000,19), /*TEORÍA DE AUTÓMATAS 55*/
(150000,153000,20), /*ANÁLISIS NUMÉRICO 56*/
(153000,160000,20), /*ANÁLISIS NUMÉRICO 57*/
(160000,163000,20), /*ANÁLISIS NUMÉRICO 58*/
(163000,170000,20), /*ANÁLISIS NUMÉRICO 59*/
(170000,173000,20), /*ANÁLISIS NUMÉRICO 60*/
(173000,180000,20), /*ANÁLISIS NUMÉRICO 61*/
(180000,183000,20), /*ANÁLISIS NUMÉRICO 62*/

(160000,163000,21), /*CIRCUITOS DIGITALES 63*/
(163000,170000,21), /*CIRCUITOS DIGITALES 64*/

(150000,153000,22), /*ESTRUCTURA DE DATOS 65*/
(153000,160000,22), /*ESTRUCTURA DE DATOS 66*/
(200000,203000,23), /*ANÁLISIS DE SISTEMAS 67*/
(230000,210000,23), /*ANÁLISIS DE SISTEMAS 68*/
(190000,193000,24), /*TEORÍA DE AUTÓMATAS 69*/
(193000,200000,24); /*TEORÍA DE AUTÓMATAS 70*/




INSERT INTO Dia_Horario(IDDIa, IDHorario) VALUES

/*MATEMÁTICAS DISCRETAS*/
(1,44),
(3,44),
(5,44),(1,45),
(3,45),
(5,45),

/*CIRCUITOS DIGITALES*/
(2,46),
(4,46),(2,47),
(4,47),(2,48),
(4,48),

/*ESTRUCTURA DE DATOS*/
(1,49),
(3,49),
(5,49),(1,50),
(3,50),
(5,50),

/*ANÁLISIS DE SISTEMAS*/
(1,51),
(3,51),
(5,51),(1,52),
(3,52),
(5,52),

/*TEORÍA DE AUTÓMATAS*/
(2,53),
(4,53),(2,54),
(4,54),(2,55),
(4,55),

/*ANÁLISIS NUMÉRICO*/
(2,56),(2,57),(2,58),(2,59),(2,60),(2,61),(2,62),

/*CIRCUITOS DIGITALES*/
(1,63),
(3,63),
(5,63),(1,64),
(3,64),
(5,64),

/*ESTRUCTURA DE DATOS*/
(1,65),
(3,65),
(5,65),(1,66),
(3,66),
(5,66),

/*ANÁLISIS DE SISTEMAS*/
(1,67),
(3,67),
(5,67),(1,68),
(3,68),
(5,68),

/*TEORÍA DE AUTÓMATAS*/
(1,69),
(3,69),
(5,69),(1,70),
(3,70),
(5,70);







/*AÑADIENDO ALUMNOS A MATERIAS */
/*NOTA: SI SE AÑADE UNA OPORTUNIDAD SE DEBE AGREGAR EN LA RELACION ALUMNO_GRUPO*/

INSERT INTO `Alumno_Grupo` (`claveGrupo`, `carnetAlumno`) VALUES

(1, 1),
(2, 1),
(3, 1),(4, 1),(5, 1),
(1, 2),
(2, 2),
(3, 2),(4, 2),(5, 2),
(1, 3),
(2, 3),
(3, 3),(4, 3),(5, 3);


INSERT INTO Oportunidad (calificacion, numOportunidad, carnetAlumno, claveMateria) VALUES

(70, 1, 1, 0000000001),
(80, 1, 1, 0000000002),
(80, 1, 1, 0000000003),(80, 1, 1, 0000000004),(80, 1, 1, 0000000005),
(70, 1, 2, 0000000001),
(80, 1, 2, 0000000002),
(80, 1, 2, 0000000003),(80, 1, 2, 0000000004),(80, 1, 2, 0000000005),
(70, 1, 3, 0000000001),
(80, 1, 3, 0000000002),
(80, 1, 3, 0000000003),(80, 1, 3, 0000000004),(80, 1, 3, 0000000005);



/*Materias preinscritas*/
INSERT INTO `Alumno_Grupo` (`claveGrupo`, `carnetAlumno`) VALUES

(6, 2),
(7, 2),
(8, 2),(9, 2),(14, 2);


INSERT INTO Oportunidad (calificacion, numOportunidad, carnetAlumno, claveMateria) VALUES

(0, 1, 2, 0000000006),
(0, 1, 2, 0000000007),
(0, 1, 2, 0000000008),(0, 1, 2, 0000000009),(0, 1, 2, 0000000011);
