/*CREACIÓN DE LOS DÍAS*/
INSERT INTO Dia (dia) VALUES
('LUNES'),
('MARTES'),
('MIÉRCOLES'),
('JUEVES'),
('VIERNES'),
('SÁBADO');

/* CREACIÓN DE LA CARRERA */
INSERT INTO Carrera (claveCarrera, nombre) VALUES
(001, 'CIENCIAS DE LA COMPUTACIÓN');

 /* CREACIÓN DE LA MATERIAS PARA LA CARRERA DE CIENCIAS DE LA COMPUTACIÓN*/
INSERT INTO Materia (claveMateria, nombre, creditos, semestre, claveCarrera) VALUES
(001, 'MATEMÁTICAS I', 1, 1, 1),
(002, 'FUNDAMENTOS DE ELECTROMAGNETISMO', 1, 1, 1),
(003, 'FUNDAMENTOS DE ALGORITMOS', 1, 1, 1),
(004, 'ARQUITECTURA DE COMPUTADORAS', 1, 1, 1),
(005, 'PROGRAMACIÓN ESTRUCTURADA', 1, 1, 1),
(006, 'MATEMÁTICAS II', 1, 2, 1),
(007, 'SISTEMAS ELECTRÓNICOS', 1, 2, 1),
(008, 'FUNDAMENTOS DE REDES', 1, 2, 1),
(009, 'BASE DE DATOS', 1, 2, 1),
(010, 'PROGRAMACIÓN ORIENTADA A OBJETOS', 1, 2, 1),
(011, 'FUNDAMENTOS DE ESTADÁSTICA', 1, 2, 1),
(012, 'MATEMÁTICAS DISCRETAS', 1, 3, 1),
(013, 'CIRCUITOS DIGITALES', 1, 3, 1),
(014, 'ESTRUCTURA DE DATOS', 1, 3, 1),
(015, 'ANÁLISIS DE SISTEMAS', 1, 3, 1),
(016, 'TEORÍA DE AUTÁMATAS', 1, 3, 1),
(017, 'ANÁLISIS NUMÉRICO', 1, 3, 1),
(018, 'ADMINISTRACIÓN DE PROYECTOS', 1, 4, 1),
(019, 'SISTEMAS OPERATIVOS', 1, 4, 1),
(020, 'ADMINSTRACIÓN DE REDES', 1, 4, 1),
(021, 'MODELOS ESTADÍSTICOS', 1, 4, 1),
(022, 'SISTEMAS EMBEBIDOS', 1, 4, 1),
(023, 'MINERÍA DE DATOS', 1, 4, 1),
(024, 'SISTEMAS DISTRIBUIDOS', 1, 5, 1),
(025, 'INTELIGENCIA ARTIFICIAL', 1, 5, 1),
(026, 'BIG DATA', 1, 5, 1),
(027, 'REDES NEURONALES', 1, 5, 1),
(028, 'SERVICIO SOCIAL', 1, 5, 1);

 /*MATERIAS SERIADAS*/
 INSERT INTO Materia_Seriada (claveMateria, claveMateriaSeriada) VALUES
 (1,6),
 (2,7),
 (5,10),
 (7,13),
 (8,20),
 (11,21),
 (13,22),
 (20,24),
 (21,26),
 (23,26);

/* CREACIÓN DE ALUMNOS (EJEMPLO)*/
INSERT INTO Inscripcion (claveInscripcion, fechaInscripcion) VALUES
(1, '2018-04-07 15:30:00'),
(2, '2018-04-07 14:30:00');

INSERT INTO Usuario (carnetUsuario, sexo, telefono, contrasenia, nombre, apellidoPaterno, apellidoMaterno, tipoUsuario) VALUES
(001, 'H', 5512345678, 'unodostres', 'Francisco', 'Gutierrez', 'Quinza', 1),
(002, 'H', 7772345678, 123, 'Jose', 'Martinez', 'Diaz', 1),
(003, 'M', 7572345678, 'unotres', 'Angelica', 'Lopez', 'Garza', 1);

INSERT INTO Alumno (carnetAlumno, estatus, claveCarrera, claveInscripcion) VALUES
(1, 'PRIMER INGRESO',1,1),
(2, 'REINGRESO',1,2),
(3, 'REINGRESO',1,1);

/*CREACIÓN DE EMPLEADOS (EJEMPLO)*/
INSERT INTO Usuario (carnetUsuario, sexo, telefono, contrasenia, nombre, apellidoPaterno, apellidoMaterno, tipoUsuario) VALUES
(004, 'H', 7752345678, 'contra', 'NOE', 'ESPINOZA', 'PÉREZ', 2),
(005, 'M', 7372345678, 'senia', 'ARACELY', 'GÓMEZ', 'TRUJILLO', 2);

INSERT INTO Empleado (carnetEmpleado, tipoEmpleado) VALUES
(4, 'Docente'),
(5, 'Administrativo');

/* CREACIÓN DE LOS GRUPOS*/

/*PRIMER SEMESTRE*/

/*GRUPOS*/
INSERT INTO Grupo (claveGrupo, aula, capacidad, contador, periodo, carnetEmpleado, claveMateria) VALUES
(01,104,1,0,'180116',4,1),	/*MATEMÁTICAS I*/
(01,104,1,0,'180116',4,2),	/*FUNDAMENTOS	DE ELECTROMAGNETISMO*/
(01,104,1,0,'180116',4,3),	/*FUNDAMENTOS DE ALGORITMOS*/
(01,102,1,0,'180116',4,4),	/*ARQUITECTURA DE COMPUTADORAS*/
(01,104,1,0,'180116',4,5);	/*PROGRAMACIÓN ESTRUCTURADA*/

INSERT INTO Horario (horaInicio, horaFin, claveGrupo) VALUES
(150000,153000,1),	/*MATEMÁTICAS I*/
(153000,160000,44),	/*MATEMÁTICAS I*/
(180000,190000,2),	/*FUNDAMENTOS DE ELECTROMAGNETISMO*/
(160000,170000,3),	/*FUNDAMENTOS DE COMPUTADORAS*/
(160000,180000,4),	/*ARQUITECTURA DE COMPUTADORAS*/
(170000,180000,5);	/*PROGRAMACIÓN ESTRUCTURADA*/

INSERT INTO Dia_Horario(IDDIa, IDHorario) VALUES
/*MATEMÁTICAS I*/
(1,1),
(3,1),
(4,1),
(5,1),
/*MATEMÁTICAS I*/
(1,44),
(3,44),
(4,44),
(5,44),
 /*FUNDAMENTOS DE ELECTROMAGNETISMO*/
(1,2),
(3,2),
(4,2),
(5,2),
/*FUNDAMENTOS DE ALGORITMOS*/
(1,3),
(3,3),
(5,3),
/*ARQUITECTURA DE COMPUTADORAS*/
(2,4),
(4,4),
/*PROGRAMACIÓN ESTRUCTURADA*/
(1,5),
(3,5),
(5,5);

/*SEGUNDO SEMESTRE*/
/*GRUPOS*/
INSERT INTO Grupo (claveGrupo, aula, capacidad, contador, periodo, carnetEmpleado, claveMateria) VALUES
(01,409,1,0,'180116',4,6),
(01,408,1,0,'180116',4,7),
(01,409,1,0,'180116',4,8),
(01,409,1,0,'180116',4,9),
(01,411,1,0,'180116',4,10),
(01,409,1,0,'180116',4,11),
(02,407,1,0,'180116',4,6),
(02,407,1,0,'180116',4,8),
(02,407,1,0,'180116',4,11);

INSERT INTO Horario (horaInicio, horaFin, claveGrupo) VALUES
(170000,180000,6),	/*MATEMÁTICAS II*/
(150000,180000,7),	/*SISTEMAS ELECTRÓNICOS*/
(160000,170000,8),	/*FUNDAMENTOS DE REDES*/
(140000,150000,9),	/*BASES DE DATOS*/
(180000,210000,10),	/*PROGRAMACIÓN ORIENTADA A OBJETOS*/
(70000,100000,11), /*FUNDAMENTOS DE ESTADÍSTICA*/
(110000,120000,12),	/*MATEMÁTICAS II*/
(70000,100000,13),	/*FUNDAMENTOS DE REDES*/
(150000,180000,14);	/*FUNDAMENTOS DE ESTADÍSTICA*/


INSERT INTO Dia_Horario(IDDIa, IDHorario) VALUES
/*MATEMÁTICAS II*/
(1,6),
(3,6),
(5,6),
/*SISTEMAS ELECTRÓNICOS*/
(4,7),
/*FUNDAMENTOS DE REDES*/
(1,8),
(3,8),
(5,8),
/*BASES DE DATOS*/
(1,9),
(2,9),
(3,9),
(4,9),
(5,9),
/*PROGRAMACIÓN ORIENTADA A OBJETOS*/
(1,10),
/*FUNDAMENTOS DE ESTADÍSTICA*/
(6,11),
/*MATEMÁTICAS II*/
(1,12),
(3,12),
(5,12),
/*FUNDAMENTOS DE REDES*/
(6,13),
/*FUNDAMENTOS DE ESTADÁSTICA*/
(2,14);

/*AÑADIENDO ALUMNOS A MATERIAS */
/*NOTA: SI SE AÑADE UNA OPORTUNIDAD SE DEBE AGREGAR EN LA RELACION ALUMNO_GRUPO*/
INSERT INTO `Alumno_Grupo` (`claveGrupo`, `carnetAlumno`) VALUES
(1, 1),
(1, 2),
(2, 1);

INSERT INTO Oportunidad (IDOportunidad, calificacion, numOportunidad, carnetAlumno, claveMateria) VALUES
(1, 69, 1, 1, 0000000001),
(2, 80, 1, 1, 0000000002),
(3, 80, 1, 2, 0000000001);

/*Tercer semestre*/
INSERT INTO Grupo (claveGrupo, aula, capacidad, contador, periodo, carnetEmpleado, claveMateria) VALUES
(01,405,1,0,'180116',4,012),
(01,413,1,0,'180116',4,013),
(01,405,1,0,'180116',4,014),
(01,404,1,0,'180116',4,015),
(01,404,1,0,'180116',4,016),
(01,404,1,0,'180116',4,017),
(02,404,1,0,'180116',4,013),
(02,404,1,0,'180116',4,014),
(02,404,1,0,'180116',4,015),
(02,404,1,0,'180116',4,016);

INSERT INTO Horario (horaInicio, horaFin, claveGrupo) VALUES
(080000,090000,15), /*MATEMÁTICAS DISCRETAS*/
(150000,163000,16), /*CIRCUITOS DIGITALES*/
(070000,080000,17), /*ESTRUCTURA DE DATOS*/
(090000,100000,18), /*ANÁLISIS DE SISTEMAS*/
(083000,100000,19), /*TEORÍA DE AUTÓMATAS*/
(150000,183000,20), /*ANÁLISIS NUMÉRICO*/
(160000,170000,21), /*CIRCUITOS DIGITALES*/
(150000,160000,22), /*ESTRUCTURA DE DATOS*/
(200000,210000,23), /*ANÁLISIS DE SISTEMAS*/
(190000,200000,24); /*TEORÍA DE AUTÓMATAS*/

INSERT INTO Dia_Horario(IDDIa, IDHorario) VALUES
/*MATEMÁTICAS DISCRETAS*/
(1,15),
(3,15),
(5,15),
/*CIRCUITOS DIGITALES*/
(2,16),
(4,16),
/*ESTRUCTURA DE DATOS*/
(1,17),
(3,17),
(5,17),
/*ANÁLISIS DE SISTEMAS*/
(1,18),
(3,18),
(5,18),
/*TEORÍA DE AUTÓMATAS*/
(2,19),
(4,19),
/*ANÁLISIS NUMÉRICO*/
(2,20),
/*CIRCUITOS DIGITALES*/
(1,21),
(3,21),
(5,21),
/*ESTRUCTURA DE DATOS*/
(1,22),
(3,22),
(5,22),
/*ANÁLISIS DE SISTEMAS*/
(1,23),
(3,23),
(5,23),
/*TEORÍA DE AUTÓMATAS*/
(1,24),
(3,24),
(5,24);


/*Cuarto semestre*/
INSERT INTO Grupo (claveGrupo, aula, capacidad, contador, periodo, carnetEmpleado, claveMateria) VALUES
(01,405,1,0,'180116',4,018),
(01,407,1,0,'180116',4,019),
(01,405,1,0,'180116',4,020),
(01,408,1,0,'180116',4,021),
(01,411,1,0,'180116',4,022),
(01,407,1,0,'180116',4,023),
(02,407,1,0,'180116',4,018),
(02,409,1,0,'180116',4,019),
(02,407,1,0,'180116',4,022),
(02,409,1,0,'180116',4,023);

INSERT INTO Horario (horaInicio, horaFin, claveGrupo) VALUES
(100000,110000,25), /*ADMINISTRACIÓN DE PROYECTOS*/
(080000,090000,26), /*SISTEMAS OPERATIVOS*/
(180000,210000,27), /*ADMINISTRACIÓN DE REDES*/
(080000,110000,28), /*MODELOS ESTADÍSTICOS*/
(150000,180000,29), /*SISTEMAS EMBEBIDOS*/
(150000,180000,30), /*MINERÍA DE DATOS*/
(170000,180000,31), /*ADMINISTRACIÓN DE PROYECTOS*/
(190000,200000,32), /*SISTEMAS OPERATIVOS*/
(180000,210000,33), /*SISTEMAS EMBEBIDOS*/
(150000,180000,34); /*MINERÍA DE DATOS*/

INSERT INTO Dia_Horario(IDDIa, IDHorario) VALUES
/*ADMINISTRACION DE PROYECTOS*/
(1,25),
(3,25),
(5,25),
/*SISTEMAS OPERATIVOS*/
(1,26),
(3,26),
(5,26),
/*ADMINISTRACIÓN DE REDES*/
(4,27),
/*MODELOS ESTADÍSTICOS*/
(6,28),
/*SISTEMAS EMBEBIDOS*/
(4,29),
/*MINERÍA DE DATOS*/
(4,30),
/*ADMINSITRACIÓN DE PROYECTOS*/
(1,31),
(3,31),
(5,31),
/*SISTEMAS OPERATIVOS*/
(1,32),
(3,32),
(5,32),
/*SISTEMAS EMBEBIDOS*/
(4,33),
/*MINERÍA DE DATOS*/
(2,34);


/*Quinto semestre*/
INSERT INTO Grupo (claveGrupo, aula, capacidad, contador, periodo, carnetEmpleado, claveMateria) VALUES
(01,405,1,0,'180116',4,024),
(01,405,1,0,'180116',4,025),
(01,405,1,0,'180116',4,026),
(01,405,1,0,'180116',4,027),
(01,413,1,0,'180116',4,028),
(02,405,1,0,'180116',4,024),
(02,411,1,0,'180116',4,025),
(02,407,1,0,'180116',4,026),
(02,411,1,0,'180116',4,027);

INSERT INTO Horario (horaInicio, horaFin, claveGrupo) VALUES
(163000,180000,35), /*SISTEMAS DISTRIBUIDOS*/
(210000,220000,36), /*INTELIGENCIA ARTIFICIAL*/
(190000,200000,37), /*BIG DATA*/
(180000,210000,38), /*REDES NEURONALES*/
(180000,200000,39), /*SERVICIO SOCIAL*/
(170000,180000,40), /*SISTEMAS DISTRIBUIDOS*/
(170000,180000,41), /*INTELIGENCIA ARTIFICIAL*/
(180000,210000,42), /*BIG DATA*/
(180000,210000,43); /*REDES NEURONALES*/

INSERT INTO Dia_Horario(IDDIa, IDHorario) VALUES
/*SISTEMAS DISTRIBUIDOS*/
(2,35),
(4,35),
/*INTELIGENCIA ARTIFICIAL*/
(1,36),
(3,36),
(5,36),
/*BIG DATA*/
(1,37),
(3,37),
(5,37),
/*REDES NEURONALES*/
(2,38),
/*SERVICIO SOCIAL*/
(4,39),
/*SISTEMAS DISTRIBUIDOS*/
(1,40),
(3,40),
(5,40),
/*INTELIGENCIA ARTIFICIAL*/
(1,41),
(3,41),
(5,41),
/*BIG DATA*/
(2,42),
/*REDES NEURONALES*/
(4,43);
